# Insert dummy data into level
INSERT INTO `level` (level_number,difficulty,total_number_of_notes,max_possible_score) VALUES (1,10,181,9084) ;
INSERT INTO `level` (level_number,difficulty,total_number_of_notes,max_possible_score) VALUES (2,6,147,9342) ;
INSERT INTO `level` (level_number,difficulty,total_number_of_notes,max_possible_score) VALUES (3,7,163,9865) ;
INSERT INTO `level` (level_number,difficulty,total_number_of_notes,max_possible_score) VALUES (4,8,165,9337) ;
INSERT INTO `level` (level_number,difficulty,total_number_of_notes,max_possible_score) VALUES (5,7,168,9915) ;
INSERT INTO `level` (level_number,difficulty,total_number_of_notes,max_possible_score) VALUES (6,7,101,9101) ;
INSERT INTO `level` (level_number,difficulty,total_number_of_notes,max_possible_score) VALUES (7,2,148,9079) ;
INSERT INTO `level` (level_number,difficulty,total_number_of_notes,max_possible_score) VALUES (8,9,118,9680) ;
INSERT INTO `level` (level_number,difficulty,total_number_of_notes,max_possible_score) VALUES (9,9,198,9350) ;
INSERT INTO `level` (level_number,difficulty,total_number_of_notes,max_possible_score) VALUES (10,9,133,9506) ;
INSERT INTO `level` (level_number,difficulty,total_number_of_notes,max_possible_score) VALUES (11,3,118,9355) ;
INSERT INTO `level` (level_number,difficulty,total_number_of_notes,max_possible_score) VALUES (12,1,138,9581) ;
INSERT INTO `level` (level_number,difficulty,total_number_of_notes,max_possible_score) VALUES (13,2,137,9080) ;
INSERT INTO `level` (level_number,difficulty,total_number_of_notes,max_possible_score) VALUES (14,2,117,9305) ;
INSERT INTO `level` (level_number,difficulty,total_number_of_notes,max_possible_score) VALUES (15,2,171,9016) ;
INSERT INTO `level` (level_number,difficulty,total_number_of_notes,max_possible_score) VALUES (16,10,113,9555) ;
INSERT INTO `level` (level_number,difficulty,total_number_of_notes,max_possible_score) VALUES (17,7,192,9858) ;
INSERT INTO `level` (level_number,difficulty,total_number_of_notes,max_possible_score) VALUES (18,7,156,9570) ;
INSERT INTO `level` (level_number,difficulty,total_number_of_notes,max_possible_score) VALUES (19,4,155,9651) ;
INSERT INTO `level` (level_number,difficulty,total_number_of_notes,max_possible_score) VALUES (20,6,189,9006) ;
# Insert dummy data into user
INSERT INTO `user` (id,class,username,pwd,levels_unlocked) VALUES (1,"miguel","jack","mkvsrqayhm",5) ;
INSERT INTO `user` (id,class,username,pwd,levels_unlocked) VALUES (2,"pablo","rob","txwlgfmmof",8) ;
INSERT INTO `user` (id,class,username,pwd,levels_unlocked) VALUES (3,"pablo","jean","wybowwkchf",1) ;
INSERT INTO `user` (id,class,username,pwd,levels_unlocked) VALUES (4,"luis","alanna","pgmzpgpqth",17) ;
INSERT INTO `user` (id,class,username,pwd,levels_unlocked) VALUES (5,"luis","opal","uzpzdkebpk",10) ;
INSERT INTO `user` (id,class,username,pwd,levels_unlocked) VALUES (6,"luis","maxine","bcqucoykbh",3) ;
INSERT INTO `user` (id,class,username,pwd,levels_unlocked) VALUES (7,"miguel","sandra","punrcaacfi",8) ;
INSERT INTO `user` (id,class,username,pwd,levels_unlocked) VALUES (8,"luis","ronald","blhjjggzjn",10) ;
INSERT INTO `user` (id,class,username,pwd,levels_unlocked) VALUES (9,"luis","ann","qaxcpmdnnm",18) ;
INSERT INTO `user` (id,class,username,pwd,levels_unlocked) VALUES (10,"miguel","marjorie","kpzecwdobh",1) ;
INSERT INTO `user` (id,class,username,pwd,levels_unlocked) VALUES (11,"luis","mayra","kwosaeudey",9) ;
INSERT INTO `user` (id,class,username,pwd,levels_unlocked) VALUES (12,"miguel","connie","wslqhacmdp",3) ;
INSERT INTO `user` (id,class,username,pwd,levels_unlocked) VALUES (13,"luis","giovanni","uxepxngyfw",15) ;
INSERT INTO `user` (id,class,username,pwd,levels_unlocked) VALUES (14,"pablo","augustine","pwqaodorku",18) ;
INSERT INTO `user` (id,class,username,pwd,levels_unlocked) VALUES (15,"pablo","katie","yizxryiyit",3) ;
INSERT INTO `user` (id,class,username,pwd,levels_unlocked) VALUES (16,"miguel","becky","zugcnudfsx",18) ;
INSERT INTO `user` (id,class,username,pwd,levels_unlocked) VALUES (17,"miguel","mildred","ztfjzzdjqr",4) ;
INSERT INTO `user` (id,class,username,pwd,levels_unlocked) VALUES (18,"luis","tony","jytuhyqeed",1) ;
INSERT INTO `user` (id,class,username,pwd,levels_unlocked) VALUES (19,"pablo","tracey","pldrvauyst",11) ;
INSERT INTO `user` (id,class,username,pwd,levels_unlocked) VALUES (20,"miguel","goldie","koynfqqhok",14) ;
INSERT INTO `user` (id,class,username,pwd,levels_unlocked) VALUES (21,"pablo","phillip","lwhvlarqir",1) ;
INSERT INTO `user` (id,class,username,pwd,levels_unlocked) VALUES (22,"luis","fransisca","xyyrgidjfe",11) ;
INSERT INTO `user` (id,class,username,pwd,levels_unlocked) VALUES (23,"pablo","carla","hsjjqztkzp",16) ;
INSERT INTO `user` (id,class,username,pwd,levels_unlocked) VALUES (24,"pablo","krista","lntxgrsfku",14) ;
INSERT INTO `user` (id,class,username,pwd,levels_unlocked) VALUES (25,"miguel","john","tjmejgpvaf",1) ;
INSERT INTO `user` (id,class,username,pwd,levels_unlocked) VALUES (26,"luis","maren","bkzctyikqm",5) ;
INSERT INTO `user` (id,class,username,pwd,levels_unlocked) VALUES (27,"pablo","roberts","kmqbrziabf",7) ;
INSERT INTO `user` (id,class,username,pwd,levels_unlocked) VALUES (28,"miguel","carol","fyvybzpvow",7) ;
INSERT INTO `user` (id,class,username,pwd,levels_unlocked) VALUES (29,"pablo","wanda","zaokfkaeig",15) ;
INSERT INTO `user` (id,class,username,pwd,levels_unlocked) VALUES (30,"pablo","timothy","rtpqpjbvtz",16) ;
INSERT INTO `user` (id,class,username,pwd,levels_unlocked) VALUES (31,"pablo","diana","vrffsglrrl",7) ;
INSERT INTO `user` (id,class,username,pwd,levels_unlocked) VALUES (32,"pablo","rosa","rtywnezmxp",1) ;
INSERT INTO `user` (id,class,username,pwd,levels_unlocked) VALUES (33,"luis","christina","gewlxnvjmc",10) ;
INSERT INTO `user` (id,class,username,pwd,levels_unlocked) VALUES (34,"luis","rodney","mihlraaorz",1) ;
INSERT INTO `user` (id,class,username,pwd,levels_unlocked) VALUES (35,"luis","vivian","szsajqyobr",16) ;
INSERT INTO `user` (id,class,username,pwd,levels_unlocked) VALUES (36,"miguel","dawn","zohcfdbrye",14) ;
INSERT INTO `user` (id,class,username,pwd,levels_unlocked) VALUES (37,"miguel","natalie","ddzqzapoba",11) ;
INSERT INTO `user` (id,class,username,pwd,levels_unlocked) VALUES (38,"pablo","nathan","drpuexfgrx",14) ;
INSERT INTO `user` (id,class,username,pwd,levels_unlocked) VALUES (39,"pablo","roberta","wvvxtlqkaj",12) ;
INSERT INTO `user` (id,class,username,pwd,levels_unlocked) VALUES (40,"pablo","lorraine","toicfarqva",14) ;
INSERT INTO `user` (id,class,username,pwd,levels_unlocked) VALUES (41,"miguel","theresa","imdcpcptgz",10) ;
INSERT INTO `user` (id,class,username,pwd,levels_unlocked) VALUES (42,"pablo","karen","lhhojjhsjs",4) ;
INSERT INTO `user` (id,class,username,pwd,levels_unlocked) VALUES (43,"luis","clint","voeovodsim",9) ;
INSERT INTO `user` (id,class,username,pwd,levels_unlocked) VALUES (44,"pablo","lamont","fjimpnnfaf",19) ;
INSERT INTO `user` (id,class,username,pwd,levels_unlocked) VALUES (45,"pablo","homer","swkfwcntmk",20) ;
INSERT INTO `user` (id,class,username,pwd,levels_unlocked) VALUES (46,"luis","ruth","ccgvbmfsef",2) ;
INSERT INTO `user` (id,class,username,pwd,levels_unlocked) VALUES (47,"luis","aida","ydmmrvyxme",19) ;
INSERT INTO `user` (id,class,username,pwd,levels_unlocked) VALUES (48,"luis","dianne","mtihnkyrme",14) ;
INSERT INTO `user` (id,class,username,pwd,levels_unlocked) VALUES (49,"miguel","katia","aqszyepwph",1) ;
INSERT INTO `user` (id,class,username,pwd,levels_unlocked) VALUES (50,"miguel","alfreda","fcymnbqprs",14) ;
INSERT INTO `user` (id,class,username,pwd,levels_unlocked) VALUES (51,"miguel","erika","hhrvhugekj",17) ;
INSERT INTO `user` (id,class,username,pwd,levels_unlocked) VALUES (52,"miguel","delia","uakjmvejtb",9) ;
INSERT INTO `user` (id,class,username,pwd,levels_unlocked) VALUES (53,"miguel","johnson","xthlwojnro",1) ;
INSERT INTO `user` (id,class,username,pwd,levels_unlocked) VALUES (54,"miguel","kim","mmvsgcnaoa",14) ;
INSERT INTO `user` (id,class,username,pwd,levels_unlocked) VALUES (55,"luis","randy","zkhetpgjqn",5) ;
INSERT INTO `user` (id,class,username,pwd,levels_unlocked) VALUES (56,"pablo","ruby","rzlwemgezv",8) ;
INSERT INTO `user` (id,class,username,pwd,levels_unlocked) VALUES (57,"luis","sandrana","ijxuquwbro",13) ;
INSERT INTO `user` (id,class,username,pwd,levels_unlocked) VALUES (58,"miguel","charles","vxveqqvlqx",9) ;
INSERT INTO `user` (id,class,username,pwd,levels_unlocked) VALUES (59,"luis","margaret","tdsyriurzd",14) ;
INSERT INTO `user` (id,class,username,pwd,levels_unlocked) VALUES (60,"luis","jerry","whmojbwcuy",5) ;
INSERT INTO `user` (id,class,username,pwd,levels_unlocked) VALUES (61,"pablo","beatrice","ddxmiwmsst",2) ;
INSERT INTO `user` (id,class,username,pwd,levels_unlocked) VALUES (62,"luis","doris","vobkivzucs",18) ;
INSERT INTO `user` (id,class,username,pwd,levels_unlocked) VALUES (63,"miguel","andrew","xuwmhjnvrs",11) ;
INSERT INTO `user` (id,class,username,pwd,levels_unlocked) VALUES (64,"luis","cassie","lkpjdlmbjn",11) ;
INSERT INTO `user` (id,class,username,pwd,levels_unlocked) VALUES (65,"luis","robertu","unqfedjozi",5) ;
INSERT INTO `user` (id,class,username,pwd,levels_unlocked) VALUES (66,"pablo","roberto","qfubibkkmq",1) ;
INSERT INTO `user` (id,class,username,pwd,levels_unlocked) VALUES (67,"miguel","jose","heefdysmfw",3) ;
INSERT INTO `user` (id,class,username,pwd,levels_unlocked) VALUES (68,"luis","sara","xxbjwakniw",20) ;
INSERT INTO `user` (id,class,username,pwd,levels_unlocked) VALUES (69,"pablo","theodore","ntunwrajmx",4) ;
INSERT INTO `user` (id,class,username,pwd,levels_unlocked) VALUES (70,"luis","curtis","equemrkzgx",15) ;
INSERT INTO `user` (id,class,username,pwd,levels_unlocked) VALUES (71,"luis","anthony","omegzimiwj",18) ;
INSERT INTO `user` (id,class,username,pwd,levels_unlocked) VALUES (72,"luis","james","qbpmuikakp",9) ;
INSERT INTO `user` (id,class,username,pwd,levels_unlocked) VALUES (73,"luis","matthew","xklrowrbee",7) ;
INSERT INTO `user` (id,class,username,pwd,levels_unlocked) VALUES (74,"pablo","zarah","ifnmpkncyf",1) ;
INSERT INTO `user` (id,class,username,pwd,levels_unlocked) VALUES (75,"miguel","minnie","nhmzlbvbup",15) ;
INSERT INTO `user` (id,class,username,pwd,levels_unlocked) VALUES (76,"pablo","theresana","cnlerglovz",2) ;
INSERT INTO `user` (id,class,username,pwd,levels_unlocked) VALUES (77,"pablo","johnnie","qkffswizzu",16) ;
INSERT INTO `user` (id,class,username,pwd,levels_unlocked) VALUES (78,"pablo","yoshiko","ojewwyokxu",10) ;
INSERT INTO `user` (id,class,username,pwd,levels_unlocked) VALUES (79,"miguel","larry","pyyceqviuc",9) ;
INSERT INTO `user` (id,class,username,pwd,levels_unlocked) VALUES (80,"luis","sarah","pknchgnkbi",11) ;
INSERT INTO `user` (id,class,username,pwd,levels_unlocked) VALUES (81,"miguel","lorraina","smojahokdl",19) ;
INSERT INTO `user` (id,class,username,pwd,levels_unlocked) VALUES (82,"miguel","helen","rombeuzzbo",7) ;
INSERT INTO `user` (id,class,username,pwd,levels_unlocked) VALUES (83,"luis","willian","mxqffwygza",7) ;
INSERT INTO `user` (id,class,username,pwd,levels_unlocked) VALUES (84,"luis","ryan","erzhotddbv",13) ;
INSERT INTO `user` (id,class,username,pwd,levels_unlocked) VALUES (85,"pablo","mary","bzejpmyhnw",3) ;
INSERT INTO `user` (id,class,username,pwd,levels_unlocked) VALUES (86,"miguel","brittney","vswkwjnrxo",1) ;
INSERT INTO `user` (id,class,username,pwd,levels_unlocked) VALUES (87,"miguel","cody","kojddmctnu",9) ;
INSERT INTO `user` (id,class,username,pwd,levels_unlocked) VALUES (88,"luis","selma","fnzqfhgqjy",6) ;
INSERT INTO `user` (id,class,username,pwd,levels_unlocked) VALUES (89,"pablo","william","gkvgqxwqcr",1) ;
INSERT INTO `user` (id,class,username,pwd,levels_unlocked) VALUES (90,"luis","theresy","dfubydbvgm",12) ;
INSERT INTO `user` (id,class,username,pwd,levels_unlocked) VALUES (91,"pablo","truth","rguhzeseju",15) ;
INSERT INTO `user` (id,class,username,pwd,levels_unlocked) VALUES (92,"pablo","tara","cocrvnhvar",9) ;
INSERT INTO `user` (id,class,username,pwd,levels_unlocked) VALUES (93,"pablo","oscar","wfexvpjiyt",13) ;
INSERT INTO `user` (id,class,username,pwd,levels_unlocked) VALUES (94,"miguel","stephen","ippqufstfm",6) ;
INSERT INTO `user` (id,class,username,pwd,levels_unlocked) VALUES (95,"miguel","jackie","snqypwtzsk",20) ;
INSERT INTO `user` (id,class,username,pwd,levels_unlocked) VALUES (96,"miguel","angel","wjhafxzyqg",20) ;
INSERT INTO `user` (id,class,username,pwd,levels_unlocked) VALUES (97,"luis","johnatan","ohbqneqltn",7) ;
INSERT INTO `user` (id,class,username,pwd,levels_unlocked) VALUES (98,"luis","johnny","pjxeetrnpq",19) ;
INSERT INTO `user` (id,class,username,pwd,levels_unlocked) VALUES (99,"miguel","jermaine","azvecvuywp",15) ;
INSERT INTO `user` (id,class,username,pwd,levels_unlocked) VALUES (100,"pablo","richard","vrvtgbrbxg",6) ;
# Insert dummy data into game
INSERT INTO `game` (game_id,user_id,level_id,score,correct_number_of_notes) VALUES (1,25,16,5882,90) ;
INSERT INTO `game` (game_id,user_id,level_id,score,correct_number_of_notes) VALUES (2,76,20,4692,176) ;
INSERT INTO `game` (game_id,user_id,level_id,score,correct_number_of_notes) VALUES (3,61,3,7401,187) ;
INSERT INTO `game` (game_id,user_id,level_id,score,correct_number_of_notes) VALUES (4,84,16,3300,60) ;
INSERT INTO `game` (game_id,user_id,level_id,score,correct_number_of_notes) VALUES (5,47,8,8199,169) ;
INSERT INTO `game` (game_id,user_id,level_id,score,correct_number_of_notes) VALUES (6,89,4,6805,90) ;
INSERT INTO `game` (game_id,user_id,level_id,score,correct_number_of_notes) VALUES (7,75,8,5919,141) ;
INSERT INTO `game` (game_id,user_id,level_id,score,correct_number_of_notes) VALUES (8,8,4,7687,139) ;
INSERT INTO `game` (game_id,user_id,level_id,score,correct_number_of_notes) VALUES (9,92,15,3553,138) ;
INSERT INTO `game` (game_id,user_id,level_id,score,correct_number_of_notes) VALUES (10,49,13,3665,73) ;
INSERT INTO `game` (game_id,user_id,level_id,score,correct_number_of_notes) VALUES (11,17,3,3416,56) ;
INSERT INTO `game` (game_id,user_id,level_id,score,correct_number_of_notes) VALUES (12,33,17,5782,113) ;
INSERT INTO `game` (game_id,user_id,level_id,score,correct_number_of_notes) VALUES (13,75,3,5587,33) ;
INSERT INTO `game` (game_id,user_id,level_id,score,correct_number_of_notes) VALUES (14,22,2,5137,67) ;
INSERT INTO `game` (game_id,user_id,level_id,score,correct_number_of_notes) VALUES (15,51,4,7812,69) ;
INSERT INTO `game` (game_id,user_id,level_id,score,correct_number_of_notes) VALUES (16,8,5,8065,85) ;
INSERT INTO `game` (game_id,user_id,level_id,score,correct_number_of_notes) VALUES (17,10,16,4904,60) ;
INSERT INTO `game` (game_id,user_id,level_id,score,correct_number_of_notes) VALUES (18,14,18,6603,120) ;
INSERT INTO `game` (game_id,user_id,level_id,score,correct_number_of_notes) VALUES (19,76,3,6881,81) ;
INSERT INTO `game` (game_id,user_id,level_id,score,correct_number_of_notes) VALUES (20,28,19,8098,62) ;
INSERT INTO `game` (game_id,user_id,level_id,score,correct_number_of_notes) VALUES (21,7,8,3374,90) ;
INSERT INTO `game` (game_id,user_id,level_id,score,correct_number_of_notes) VALUES (22,29,20,3842,134) ;
INSERT INTO `game` (game_id,user_id,level_id,score,correct_number_of_notes) VALUES (23,99,9,8741,40) ;
INSERT INTO `game` (game_id,user_id,level_id,score,correct_number_of_notes) VALUES (24,84,17,7629,122) ;
INSERT INTO `game` (game_id,user_id,level_id,score,correct_number_of_notes) VALUES (25,1,6,8293,120) ;
INSERT INTO `game` (game_id,user_id,level_id,score,correct_number_of_notes) VALUES (26,95,1,6534,59) ;
INSERT INTO `game` (game_id,user_id,level_id,score,correct_number_of_notes) VALUES (27,71,12,9852,130) ;
INSERT INTO `game` (game_id,user_id,level_id,score,correct_number_of_notes) VALUES (28,75,16,3978,54) ;
INSERT INTO `game` (game_id,user_id,level_id,score,correct_number_of_notes) VALUES (29,94,7,5821,186) ;
INSERT INTO `game` (game_id,user_id,level_id,score,correct_number_of_notes) VALUES (30,20,3,4422,155) ;
INSERT INTO `game` (game_id,user_id,level_id,score,correct_number_of_notes) VALUES (31,55,7,5036,151) ;
INSERT INTO `game` (game_id,user_id,level_id,score,correct_number_of_notes) VALUES (32,61,10,6585,46) ;
INSERT INTO `game` (game_id,user_id,level_id,score,correct_number_of_notes) VALUES (33,44,16,6668,38) ;
INSERT INTO `game` (game_id,user_id,level_id,score,correct_number_of_notes) VALUES (34,39,17,7197,175) ;
INSERT INTO `game` (game_id,user_id,level_id,score,correct_number_of_notes) VALUES (35,45,5,9364,66) ;
INSERT INTO `game` (game_id,user_id,level_id,score,correct_number_of_notes) VALUES (36,33,13,9113,61) ;
INSERT INTO `game` (game_id,user_id,level_id,score,correct_number_of_notes) VALUES (37,21,11,5552,82) ;
INSERT INTO `game` (game_id,user_id,level_id,score,correct_number_of_notes) VALUES (38,37,14,9880,31) ;
INSERT INTO `game` (game_id,user_id,level_id,score,correct_number_of_notes) VALUES (39,51,7,8406,38) ;
INSERT INTO `game` (game_id,user_id,level_id,score,correct_number_of_notes) VALUES (40,50,13,7016,158) ;
INSERT INTO `game` (game_id,user_id,level_id,score,correct_number_of_notes) VALUES (41,59,6,7371,182) ;
INSERT INTO `game` (game_id,user_id,level_id,score,correct_number_of_notes) VALUES (42,3,7,8741,103) ;
INSERT INTO `game` (game_id,user_id,level_id,score,correct_number_of_notes) VALUES (43,83,4,8942,114) ;
INSERT INTO `game` (game_id,user_id,level_id,score,correct_number_of_notes) VALUES (44,77,3,3743,159) ;
INSERT INTO `game` (game_id,user_id,level_id,score,correct_number_of_notes) VALUES (45,65,2,6846,162) ;
INSERT INTO `game` (game_id,user_id,level_id,score,correct_number_of_notes) VALUES (46,64,16,3557,49) ;
INSERT INTO `game` (game_id,user_id,level_id,score,correct_number_of_notes) VALUES (47,74,20,8137,142) ;
INSERT INTO `game` (game_id,user_id,level_id,score,correct_number_of_notes) VALUES (48,54,15,7891,79) ;
INSERT INTO `game` (game_id,user_id,level_id,score,correct_number_of_notes) VALUES (49,58,3,4064,88) ;
INSERT INTO `game` (game_id,user_id,level_id,score,correct_number_of_notes) VALUES (50,16,13,4503,140) ;
INSERT INTO `game` (game_id,user_id,level_id,score,correct_number_of_notes) VALUES (51,41,1,3649,155) ;
INSERT INTO `game` (game_id,user_id,level_id,score,correct_number_of_notes) VALUES (52,4,5,8800,84) ;
INSERT INTO `game` (game_id,user_id,level_id,score,correct_number_of_notes) VALUES (53,61,3,8314,166) ;
INSERT INTO `game` (game_id,user_id,level_id,score,correct_number_of_notes) VALUES (54,63,12,4633,51) ;
INSERT INTO `game` (game_id,user_id,level_id,score,correct_number_of_notes) VALUES (55,60,14,5426,186) ;
INSERT INTO `game` (game_id,user_id,level_id,score,correct_number_of_notes) VALUES (56,7,11,7893,169) ;
INSERT INTO `game` (game_id,user_id,level_id,score,correct_number_of_notes) VALUES (57,17,16,6254,124) ;
INSERT INTO `game` (game_id,user_id,level_id,score,correct_number_of_notes) VALUES (58,50,8,8939,176) ;
INSERT INTO `game` (game_id,user_id,level_id,score,correct_number_of_notes) VALUES (59,44,18,8874,114) ;
INSERT INTO `game` (game_id,user_id,level_id,score,correct_number_of_notes) VALUES (60,52,7,3625,70) ;
INSERT INTO `game` (game_id,user_id,level_id,score,correct_number_of_notes) VALUES (61,90,12,9075,73) ;
INSERT INTO `game` (game_id,user_id,level_id,score,correct_number_of_notes) VALUES (62,36,7,9786,98) ;
INSERT INTO `game` (game_id,user_id,level_id,score,correct_number_of_notes) VALUES (63,11,11,5549,120) ;
INSERT INTO `game` (game_id,user_id,level_id,score,correct_number_of_notes) VALUES (64,55,9,7531,31) ;
INSERT INTO `game` (game_id,user_id,level_id,score,correct_number_of_notes) VALUES (65,24,7,7451,60) ;
INSERT INTO `game` (game_id,user_id,level_id,score,correct_number_of_notes) VALUES (66,96,10,5864,81) ;
INSERT INTO `game` (game_id,user_id,level_id,score,correct_number_of_notes) VALUES (67,69,16,6973,126) ;
INSERT INTO `game` (game_id,user_id,level_id,score,correct_number_of_notes) VALUES (68,63,8,9008,188) ;
INSERT INTO `game` (game_id,user_id,level_id,score,correct_number_of_notes) VALUES (69,23,15,9438,149) ;
INSERT INTO `game` (game_id,user_id,level_id,score,correct_number_of_notes) VALUES (70,20,15,7482,199) ;
INSERT INTO `game` (game_id,user_id,level_id,score,correct_number_of_notes) VALUES (71,2,3,9251,33) ;
INSERT INTO `game` (game_id,user_id,level_id,score,correct_number_of_notes) VALUES (72,57,4,4586,177) ;
INSERT INTO `game` (game_id,user_id,level_id,score,correct_number_of_notes) VALUES (73,24,12,8950,161) ;
INSERT INTO `game` (game_id,user_id,level_id,score,correct_number_of_notes) VALUES (74,94,9,6428,102) ;
INSERT INTO `game` (game_id,user_id,level_id,score,correct_number_of_notes) VALUES (75,91,14,3031,137) ;
INSERT INTO `game` (game_id,user_id,level_id,score,correct_number_of_notes) VALUES (76,83,2,8682,130) ;
INSERT INTO `game` (game_id,user_id,level_id,score,correct_number_of_notes) VALUES (77,27,13,8089,133) ;
INSERT INTO `game` (game_id,user_id,level_id,score,correct_number_of_notes) VALUES (78,33,10,9600,185) ;
INSERT INTO `game` (game_id,user_id,level_id,score,correct_number_of_notes) VALUES (79,78,13,7832,117) ;
INSERT INTO `game` (game_id,user_id,level_id,score,correct_number_of_notes) VALUES (80,41,3,7468,40) ;
INSERT INTO `game` (game_id,user_id,level_id,score,correct_number_of_notes) VALUES (81,76,16,9509,189) ;
INSERT INTO `game` (game_id,user_id,level_id,score,correct_number_of_notes) VALUES (82,18,13,5354,103) ;
INSERT INTO `game` (game_id,user_id,level_id,score,correct_number_of_notes) VALUES (83,80,11,4445,100) ;
INSERT INTO `game` (game_id,user_id,level_id,score,correct_number_of_notes) VALUES (84,18,19,6905,67) ;
INSERT INTO `game` (game_id,user_id,level_id,score,correct_number_of_notes) VALUES (85,70,8,3088,61) ;
INSERT INTO `game` (game_id,user_id,level_id,score,correct_number_of_notes) VALUES (86,72,16,7446,94) ;
INSERT INTO `game` (game_id,user_id,level_id,score,correct_number_of_notes) VALUES (87,7,12,5267,129) ;
INSERT INTO `game` (game_id,user_id,level_id,score,correct_number_of_notes) VALUES (88,40,12,3687,115) ;
INSERT INTO `game` (game_id,user_id,level_id,score,correct_number_of_notes) VALUES (89,15,15,3684,45) ;
INSERT INTO `game` (game_id,user_id,level_id,score,correct_number_of_notes) VALUES (90,81,13,4270,93) ;
INSERT INTO `game` (game_id,user_id,level_id,score,correct_number_of_notes) VALUES (91,47,5,5911,155) ;
INSERT INTO `game` (game_id,user_id,level_id,score,correct_number_of_notes) VALUES (92,7,11,6889,133) ;
INSERT INTO `game` (game_id,user_id,level_id,score,correct_number_of_notes) VALUES (93,53,11,6067,121) ;
INSERT INTO `game` (game_id,user_id,level_id,score,correct_number_of_notes) VALUES (94,37,5,6814,195) ;
INSERT INTO `game` (game_id,user_id,level_id,score,correct_number_of_notes) VALUES (95,73,3,3486,80) ;
INSERT INTO `game` (game_id,user_id,level_id,score,correct_number_of_notes) VALUES (96,100,15,8129,40) ;
INSERT INTO `game` (game_id,user_id,level_id,score,correct_number_of_notes) VALUES (97,67,10,4267,61) ;
INSERT INTO `game` (game_id,user_id,level_id,score,correct_number_of_notes) VALUES (98,34,15,6487,118) ;
INSERT INTO `game` (game_id,user_id,level_id,score,correct_number_of_notes) VALUES (99,11,11,4799,91) ;
INSERT INTO `game` (game_id,user_id,level_id,score,correct_number_of_notes) VALUES (100,22,16,3098,160) ;
INSERT INTO `game` (game_id,user_id,level_id,score,correct_number_of_notes) VALUES (101,15,4,4607,88) ;
INSERT INTO `game` (game_id,user_id,level_id,score,correct_number_of_notes) VALUES (102,33,6,5765,176) ;
INSERT INTO `game` (game_id,user_id,level_id,score,correct_number_of_notes) VALUES (103,84,19,4038,178) ;
INSERT INTO `game` (game_id,user_id,level_id,score,correct_number_of_notes) VALUES (104,14,20,8825,46) ;
INSERT INTO `game` (game_id,user_id,level_id,score,correct_number_of_notes) VALUES (105,69,8,9294,176) ;
INSERT INTO `game` (game_id,user_id,level_id,score,correct_number_of_notes) VALUES (106,10,11,5247,116) ;
INSERT INTO `game` (game_id,user_id,level_id,score,correct_number_of_notes) VALUES (107,80,12,7870,66) ;
INSERT INTO `game` (game_id,user_id,level_id,score,correct_number_of_notes) VALUES (108,31,6,5610,136) ;
INSERT INTO `game` (game_id,user_id,level_id,score,correct_number_of_notes) VALUES (109,33,2,8140,127) ;
INSERT INTO `game` (game_id,user_id,level_id,score,correct_number_of_notes) VALUES (110,39,17,8053,101) ;
INSERT INTO `game` (game_id,user_id,level_id,score,correct_number_of_notes) VALUES (111,64,9,6614,87) ;
INSERT INTO `game` (game_id,user_id,level_id,score,correct_number_of_notes) VALUES (112,39,8,6883,156) ;
INSERT INTO `game` (game_id,user_id,level_id,score,correct_number_of_notes) VALUES (113,38,2,6376,149) ;
INSERT INTO `game` (game_id,user_id,level_id,score,correct_number_of_notes) VALUES (114,21,19,8426,148) ;
INSERT INTO `game` (game_id,user_id,level_id,score,correct_number_of_notes) VALUES (115,2,7,3794,144) ;
INSERT INTO `game` (game_id,user_id,level_id,score,correct_number_of_notes) VALUES (116,86,10,6508,99) ;
INSERT INTO `game` (game_id,user_id,level_id,score,correct_number_of_notes) VALUES (117,79,18,9544,33) ;
INSERT INTO `game` (game_id,user_id,level_id,score,correct_number_of_notes) VALUES (118,57,20,3621,133) ;
INSERT INTO `game` (game_id,user_id,level_id,score,correct_number_of_notes) VALUES (119,6,15,8669,127) ;
INSERT INTO `game` (game_id,user_id,level_id,score,correct_number_of_notes) VALUES (120,50,19,5193,119) ;
INSERT INTO `game` (game_id,user_id,level_id,score,correct_number_of_notes) VALUES (121,90,12,7741,97) ;
INSERT INTO `game` (game_id,user_id,level_id,score,correct_number_of_notes) VALUES (122,32,6,4965,67) ;
INSERT INTO `game` (game_id,user_id,level_id,score,correct_number_of_notes) VALUES (123,31,1,8562,84) ;
INSERT INTO `game` (game_id,user_id,level_id,score,correct_number_of_notes) VALUES (124,25,1,8924,78) ;
INSERT INTO `game` (game_id,user_id,level_id,score,correct_number_of_notes) VALUES (125,89,12,7197,57) ;
INSERT INTO `game` (game_id,user_id,level_id,score,correct_number_of_notes) VALUES (126,73,11,9458,200) ;
INSERT INTO `game` (game_id,user_id,level_id,score,correct_number_of_notes) VALUES (127,49,17,9323,108) ;
INSERT INTO `game` (game_id,user_id,level_id,score,correct_number_of_notes) VALUES (128,38,6,9320,110) ;
INSERT INTO `game` (game_id,user_id,level_id,score,correct_number_of_notes) VALUES (129,40,13,4203,168) ;
INSERT INTO `game` (game_id,user_id,level_id,score,correct_number_of_notes) VALUES (130,97,6,3147,198) ;
INSERT INTO `game` (game_id,user_id,level_id,score,correct_number_of_notes) VALUES (131,50,16,6605,116) ;
INSERT INTO `game` (game_id,user_id,level_id,score,correct_number_of_notes) VALUES (132,38,6,3539,151) ;
INSERT INTO `game` (game_id,user_id,level_id,score,correct_number_of_notes) VALUES (133,77,9,4909,123) ;
INSERT INTO `game` (game_id,user_id,level_id,score,correct_number_of_notes) VALUES (134,67,13,7839,60) ;
INSERT INTO `game` (game_id,user_id,level_id,score,correct_number_of_notes) VALUES (135,86,1,9796,44) ;
INSERT INTO `game` (game_id,user_id,level_id,score,correct_number_of_notes) VALUES (136,66,5,9804,200) ;
INSERT INTO `game` (game_id,user_id,level_id,score,correct_number_of_notes) VALUES (137,100,10,4007,51) ;
INSERT INTO `game` (game_id,user_id,level_id,score,correct_number_of_notes) VALUES (138,64,18,5596,59) ;
INSERT INTO `game` (game_id,user_id,level_id,score,correct_number_of_notes) VALUES (139,6,10,3072,64) ;
INSERT INTO `game` (game_id,user_id,level_id,score,correct_number_of_notes) VALUES (140,38,8,6310,102) ;
INSERT INTO `game` (game_id,user_id,level_id,score,correct_number_of_notes) VALUES (141,91,9,7203,194) ;
INSERT INTO `game` (game_id,user_id,level_id,score,correct_number_of_notes) VALUES (142,74,2,3679,146) ;
INSERT INTO `game` (game_id,user_id,level_id,score,correct_number_of_notes) VALUES (143,100,1,3351,32) ;
INSERT INTO `game` (game_id,user_id,level_id,score,correct_number_of_notes) VALUES (144,40,7,4536,155) ;
INSERT INTO `game` (game_id,user_id,level_id,score,correct_number_of_notes) VALUES (145,29,18,8722,69) ;
INSERT INTO `game` (game_id,user_id,level_id,score,correct_number_of_notes) VALUES (146,18,11,4447,78) ;
INSERT INTO `game` (game_id,user_id,level_id,score,correct_number_of_notes) VALUES (147,63,4,3225,121) ;
INSERT INTO `game` (game_id,user_id,level_id,score,correct_number_of_notes) VALUES (148,79,10,4702,90) ;
INSERT INTO `game` (game_id,user_id,level_id,score,correct_number_of_notes) VALUES (149,74,12,7480,115) ;
INSERT INTO `game` (game_id,user_id,level_id,score,correct_number_of_notes) VALUES (150,56,14,9437,93) ;
INSERT INTO `game` (game_id,user_id,level_id,score,correct_number_of_notes) VALUES (151,35,4,4078,118) ;
INSERT INTO `game` (game_id,user_id,level_id,score,correct_number_of_notes) VALUES (152,45,14,8355,77) ;
INSERT INTO `game` (game_id,user_id,level_id,score,correct_number_of_notes) VALUES (153,70,12,4860,64) ;
INSERT INTO `game` (game_id,user_id,level_id,score,correct_number_of_notes) VALUES (154,20,4,3287,118) ;
INSERT INTO `game` (game_id,user_id,level_id,score,correct_number_of_notes) VALUES (155,95,12,9166,68) ;
INSERT INTO `game` (game_id,user_id,level_id,score,correct_number_of_notes) VALUES (156,82,12,7960,180) ;
INSERT INTO `game` (game_id,user_id,level_id,score,correct_number_of_notes) VALUES (157,31,14,9344,69) ;
INSERT INTO `game` (game_id,user_id,level_id,score,correct_number_of_notes) VALUES (158,52,14,8779,142) ;
INSERT INTO `game` (game_id,user_id,level_id,score,correct_number_of_notes) VALUES (159,48,15,4579,44) ;
INSERT INTO `game` (game_id,user_id,level_id,score,correct_number_of_notes) VALUES (160,61,4,9250,125) ;
INSERT INTO `game` (game_id,user_id,level_id,score,correct_number_of_notes) VALUES (161,69,12,8303,120) ;
INSERT INTO `game` (game_id,user_id,level_id,score,correct_number_of_notes) VALUES (162,66,1,5557,77) ;
INSERT INTO `game` (game_id,user_id,level_id,score,correct_number_of_notes) VALUES (163,85,12,6392,79) ;
INSERT INTO `game` (game_id,user_id,level_id,score,correct_number_of_notes) VALUES (164,84,9,6344,197) ;
INSERT INTO `game` (game_id,user_id,level_id,score,correct_number_of_notes) VALUES (165,38,5,8699,46) ;
INSERT INTO `game` (game_id,user_id,level_id,score,correct_number_of_notes) VALUES (166,61,2,4364,108) ;
INSERT INTO `game` (game_id,user_id,level_id,score,correct_number_of_notes) VALUES (167,53,19,8655,155) ;
INSERT INTO `game` (game_id,user_id,level_id,score,correct_number_of_notes) VALUES (168,44,6,9928,135) ;
INSERT INTO `game` (game_id,user_id,level_id,score,correct_number_of_notes) VALUES (169,39,14,3703,85) ;
INSERT INTO `game` (game_id,user_id,level_id,score,correct_number_of_notes) VALUES (170,39,13,9075,164) ;
INSERT INTO `game` (game_id,user_id,level_id,score,correct_number_of_notes) VALUES (171,53,10,4040,123) ;
INSERT INTO `game` (game_id,user_id,level_id,score,correct_number_of_notes) VALUES (172,24,14,6602,111) ;
INSERT INTO `game` (game_id,user_id,level_id,score,correct_number_of_notes) VALUES (173,12,16,6815,129) ;
INSERT INTO `game` (game_id,user_id,level_id,score,correct_number_of_notes) VALUES (174,58,9,3633,80) ;
INSERT INTO `game` (game_id,user_id,level_id,score,correct_number_of_notes) VALUES (175,24,20,4249,171) ;
INSERT INTO `game` (game_id,user_id,level_id,score,correct_number_of_notes) VALUES (176,75,5,7548,158) ;
INSERT INTO `game` (game_id,user_id,level_id,score,correct_number_of_notes) VALUES (177,93,17,6013,195) ;
INSERT INTO `game` (game_id,user_id,level_id,score,correct_number_of_notes) VALUES (178,37,17,3598,35) ;
INSERT INTO `game` (game_id,user_id,level_id,score,correct_number_of_notes) VALUES (179,74,13,6209,154) ;
INSERT INTO `game` (game_id,user_id,level_id,score,correct_number_of_notes) VALUES (180,10,13,8444,188) ;
INSERT INTO `game` (game_id,user_id,level_id,score,correct_number_of_notes) VALUES (181,13,6,7826,64) ;
INSERT INTO `game` (game_id,user_id,level_id,score,correct_number_of_notes) VALUES (182,48,15,5317,129) ;
INSERT INTO `game` (game_id,user_id,level_id,score,correct_number_of_notes) VALUES (183,98,16,8052,160) ;
INSERT INTO `game` (game_id,user_id,level_id,score,correct_number_of_notes) VALUES (184,14,15,7259,82) ;
INSERT INTO `game` (game_id,user_id,level_id,score,correct_number_of_notes) VALUES (185,53,5,9394,128) ;
INSERT INTO `game` (game_id,user_id,level_id,score,correct_number_of_notes) VALUES (186,57,1,9568,138) ;
INSERT INTO `game` (game_id,user_id,level_id,score,correct_number_of_notes) VALUES (187,5,13,7858,38) ;
INSERT INTO `game` (game_id,user_id,level_id,score,correct_number_of_notes) VALUES (188,17,2,4794,59) ;
INSERT INTO `game` (game_id,user_id,level_id,score,correct_number_of_notes) VALUES (189,33,11,8432,182) ;
INSERT INTO `game` (game_id,user_id,level_id,score,correct_number_of_notes) VALUES (190,53,2,9788,41) ;
INSERT INTO `game` (game_id,user_id,level_id,score,correct_number_of_notes) VALUES (191,34,6,9784,115) ;
INSERT INTO `game` (game_id,user_id,level_id,score,correct_number_of_notes) VALUES (192,49,9,8818,176) ;
INSERT INTO `game` (game_id,user_id,level_id,score,correct_number_of_notes) VALUES (193,94,14,5466,130) ;
INSERT INTO `game` (game_id,user_id,level_id,score,correct_number_of_notes) VALUES (194,28,4,7763,172) ;
INSERT INTO `game` (game_id,user_id,level_id,score,correct_number_of_notes) VALUES (195,80,14,9160,142) ;
INSERT INTO `game` (game_id,user_id,level_id,score,correct_number_of_notes) VALUES (196,92,7,6467,74) ;
INSERT INTO `game` (game_id,user_id,level_id,score,correct_number_of_notes) VALUES (197,68,18,5680,70) ;
INSERT INTO `game` (game_id,user_id,level_id,score,correct_number_of_notes) VALUES (198,90,20,7173,154) ;
INSERT INTO `game` (game_id,user_id,level_id,score,correct_number_of_notes) VALUES (199,91,18,3760,50) 