CREATE DATABASE  IF NOT EXISTS `PAS_drummancer` /*!40100 DEFAULT CHARACTER SET utf8mb4 COLLATE utf8mb4_0900_ai_ci */ /*!80016 DEFAULT ENCRYPTION='N' */;
USE `PAS_drummancer`;
-- MySQL dump 10.13  Distrib 8.0.28, for Win64 (x86_64)
--
-- Host: 127.0.0.1    Database: PAS_drummancer
-- ------------------------------------------------------
-- Server version	8.0.28-0ubuntu0.20.04.3

/*!40101 SET @OLD_CHARACTER_SET_CLIENT=@@CHARACTER_SET_CLIENT */;
/*!40101 SET @OLD_CHARACTER_SET_RESULTS=@@CHARACTER_SET_RESULTS */;
/*!40101 SET @OLD_COLLATION_CONNECTION=@@COLLATION_CONNECTION */;
/*!50503 SET NAMES utf8 */;
/*!40103 SET @OLD_TIME_ZONE=@@TIME_ZONE */;
/*!40103 SET TIME_ZONE='+00:00' */;
/*!40014 SET @OLD_UNIQUE_CHECKS=@@UNIQUE_CHECKS, UNIQUE_CHECKS=0 */;
/*!40014 SET @OLD_FOREIGN_KEY_CHECKS=@@FOREIGN_KEY_CHECKS, FOREIGN_KEY_CHECKS=0 */;
/*!40101 SET @OLD_SQL_MODE=@@SQL_MODE, SQL_MODE='NO_AUTO_VALUE_ON_ZERO' */;
/*!40111 SET @OLD_SQL_NOTES=@@SQL_NOTES, SQL_NOTES=0 */;

--
-- Table structure for table `game`
--

DROP TABLE IF EXISTS `game`;
/*!40101 SET @saved_cs_client     = @@character_set_client */;
/*!50503 SET character_set_client = utf8mb4 */;
CREATE TABLE `game` (
  `game_id` int unsigned NOT NULL AUTO_INCREMENT,
  `user_id` int unsigned NOT NULL,
  `level_id` smallint unsigned NOT NULL,
  `score` int NOT NULL,
  `correct_number_of_notes` smallint NOT NULL,
  `date_played` timestamp NOT NULL DEFAULT CURRENT_TIMESTAMP ON UPDATE CURRENT_TIMESTAMP,
  PRIMARY KEY (`game_id`),
  KEY `user_id` (`user_id`),
  KEY `level_id` (`level_id`),
  CONSTRAINT `game_ibfk_1` FOREIGN KEY (`user_id`) REFERENCES `user` (`id`) ON DELETE CASCADE ON UPDATE CASCADE,
  CONSTRAINT `game_ibfk_2` FOREIGN KEY (`level_id`) REFERENCES `level` (`level_number`) ON DELETE CASCADE ON UPDATE CASCADE
) ENGINE=InnoDB AUTO_INCREMENT=225 DEFAULT CHARSET=utf8mb4 COLLATE=utf8mb4_0900_ai_ci;
/*!40101 SET character_set_client = @saved_cs_client */;

--
-- Dumping data for table `game`
--

LOCK TABLES `game` WRITE;
/*!40000 ALTER TABLE `game` DISABLE KEYS */;
INSERT INTO `game` VALUES (1,25,16,5882,90,'2022-04-21 18:19:51'),(2,76,20,4692,176,'2022-04-21 18:19:51'),(3,61,3,7401,187,'2022-04-21 18:19:51'),(4,84,16,3300,60,'2022-04-21 18:19:51'),(5,47,8,8199,169,'2022-04-21 18:19:51'),(6,89,4,6805,90,'2022-04-21 18:19:51'),(7,75,8,5919,141,'2022-04-21 18:19:51'),(8,8,4,7687,139,'2022-04-21 18:19:51'),(9,92,15,3553,138,'2022-04-21 18:19:51'),(10,49,13,3665,73,'2022-04-21 18:19:51'),(11,17,3,3416,56,'2022-04-21 18:19:51'),(12,33,17,5782,113,'2022-04-21 18:19:51'),(13,75,3,5587,33,'2022-04-21 18:19:51'),(14,22,2,5137,67,'2022-04-21 18:19:51'),(15,51,4,7812,69,'2022-04-21 18:19:51'),(16,8,5,8065,85,'2022-04-21 18:19:51'),(17,10,16,4904,60,'2022-04-21 18:19:51'),(18,14,18,6603,120,'2022-04-21 18:19:52'),(19,76,3,6881,81,'2022-04-21 18:19:52'),(20,28,19,8098,62,'2022-04-21 18:19:52'),(21,7,8,3374,90,'2022-04-21 18:19:52'),(22,29,20,3842,134,'2022-04-21 18:19:52'),(23,99,9,8741,40,'2022-04-21 18:19:52'),(24,84,17,7629,122,'2022-04-21 18:19:52'),(25,1,6,8293,120,'2022-04-21 18:19:52'),(26,95,1,6534,59,'2022-04-21 18:19:52'),(27,71,12,9852,130,'2022-04-21 18:19:52'),(28,75,16,3978,54,'2022-04-21 18:19:52'),(29,94,7,5821,186,'2022-04-21 18:19:52'),(30,20,3,4422,155,'2022-04-21 18:19:52'),(31,55,7,5036,151,'2022-04-21 18:19:52'),(32,61,10,6585,46,'2022-04-21 18:19:52'),(33,44,16,6668,38,'2022-04-21 18:19:52'),(34,39,17,7197,175,'2022-04-21 18:19:52'),(35,45,5,9364,66,'2022-04-21 18:19:52'),(36,33,13,9113,61,'2022-04-21 18:19:52'),(37,21,11,5552,82,'2022-04-21 18:19:52'),(38,37,14,9880,31,'2022-04-21 18:19:52'),(39,51,7,8406,38,'2022-04-21 18:19:52'),(40,50,13,7016,158,'2022-04-21 18:19:52'),(41,59,6,7371,182,'2022-04-21 18:19:52'),(42,3,7,8741,103,'2022-04-21 18:19:52'),(43,83,4,8942,114,'2022-04-21 18:19:52'),(44,77,3,3743,159,'2022-04-21 18:19:52'),(45,65,2,6846,162,'2022-04-21 18:19:52'),(46,64,16,3557,49,'2022-04-21 18:19:52'),(47,74,20,8137,142,'2022-04-21 18:19:52'),(48,54,15,7891,79,'2022-04-21 18:19:52'),(49,58,3,4064,88,'2022-04-21 18:19:52'),(50,16,13,4503,140,'2022-04-21 18:19:52'),(51,41,1,3649,155,'2022-04-21 18:19:52'),(52,4,5,8800,84,'2022-04-21 18:19:52'),(53,61,3,8314,166,'2022-04-21 18:19:53'),(54,63,12,4633,51,'2022-04-21 18:19:53'),(55,60,14,5426,186,'2022-04-21 18:19:53'),(56,7,11,7893,169,'2022-04-21 18:19:53'),(57,17,16,6254,124,'2022-04-21 18:19:53'),(58,50,8,8939,176,'2022-04-21 18:19:53'),(59,44,18,8874,114,'2022-04-21 18:19:53'),(60,52,7,3625,70,'2022-04-21 18:19:53'),(61,90,12,9075,73,'2022-04-21 18:19:53'),(62,36,7,9786,98,'2022-04-21 18:19:53'),(63,11,11,5549,120,'2022-04-21 18:19:53'),(64,55,9,7531,31,'2022-04-21 18:19:53'),(65,24,7,7451,60,'2022-04-21 18:19:53'),(66,96,10,5864,81,'2022-04-21 18:19:53'),(67,69,16,6973,126,'2022-04-21 18:19:53'),(68,63,8,9008,188,'2022-04-21 18:19:53'),(69,23,15,9438,149,'2022-04-21 18:19:53'),(70,20,15,7482,199,'2022-04-21 18:19:53'),(71,2,3,9251,33,'2022-04-21 18:19:53'),(72,57,4,4586,177,'2022-04-21 18:19:53'),(73,24,12,8950,161,'2022-04-21 18:19:53'),(74,94,9,6428,102,'2022-04-21 18:19:53'),(75,91,14,3031,137,'2022-04-21 18:19:53'),(76,83,2,8682,130,'2022-04-21 18:19:53'),(77,27,13,8089,133,'2022-04-21 18:19:53'),(78,33,10,9600,185,'2022-04-21 18:19:53'),(79,78,13,7832,117,'2022-04-21 18:19:53'),(80,41,3,7468,40,'2022-04-21 18:19:53'),(81,76,16,9509,189,'2022-04-21 18:19:53'),(82,18,13,5354,103,'2022-04-21 18:19:53'),(83,80,11,4445,100,'2022-04-21 18:19:53'),(84,18,19,6905,67,'2022-04-21 18:19:53'),(85,70,8,3088,61,'2022-04-21 18:19:53'),(86,72,16,7446,94,'2022-04-21 18:19:53'),(87,7,12,5267,129,'2022-04-21 18:19:53'),(88,40,12,3687,115,'2022-04-21 18:19:53'),(89,15,15,3684,45,'2022-04-21 18:19:53'),(90,81,13,4270,93,'2022-04-21 18:19:54'),(91,47,5,5911,155,'2022-04-21 18:19:54'),(92,7,11,6889,133,'2022-04-21 18:19:54'),(93,53,11,6067,121,'2022-04-21 18:19:54'),(94,37,5,6814,195,'2022-04-21 18:19:54'),(95,73,3,3486,80,'2022-04-21 18:19:54'),(96,100,15,8129,40,'2022-04-21 18:19:54'),(97,67,10,4267,61,'2022-04-21 18:19:54'),(98,34,15,6487,118,'2022-04-21 18:19:54'),(99,11,11,4799,91,'2022-04-21 18:19:54'),(100,22,16,3098,160,'2022-04-21 18:19:54'),(101,15,4,4607,88,'2022-04-21 18:19:54'),(102,33,6,5765,176,'2022-04-21 18:19:54'),(103,84,19,4038,178,'2022-04-21 18:19:54'),(104,14,20,8825,46,'2022-04-21 18:19:54'),(105,69,8,9294,176,'2022-04-21 18:19:54'),(106,10,11,5247,116,'2022-04-21 18:19:54'),(107,80,12,7870,66,'2022-04-21 18:19:54'),(108,31,6,5610,136,'2022-04-21 18:19:54'),(109,33,2,8140,127,'2022-04-21 18:19:54'),(110,39,17,8053,101,'2022-04-21 18:19:54'),(111,64,9,6614,87,'2022-04-21 18:19:54'),(112,39,8,6883,156,'2022-04-21 18:19:54'),(113,38,2,6376,149,'2022-04-21 18:19:54'),(114,21,19,8426,148,'2022-04-21 18:19:54'),(115,2,7,3794,144,'2022-04-21 18:19:54'),(116,86,10,6508,99,'2022-04-21 18:19:54'),(117,79,18,9544,33,'2022-04-21 18:19:54'),(118,57,20,3621,133,'2022-04-21 18:19:54'),(119,6,15,8669,127,'2022-04-21 18:19:54'),(120,50,19,5193,119,'2022-04-21 18:19:54'),(121,90,12,7741,97,'2022-04-21 18:19:54'),(122,32,6,4965,67,'2022-04-21 18:19:55'),(123,31,1,8562,84,'2022-04-21 18:19:55'),(124,25,1,8924,78,'2022-04-21 18:19:55'),(125,89,12,7197,57,'2022-04-21 18:19:55'),(126,73,11,9458,200,'2022-04-21 18:19:55'),(127,49,17,9323,108,'2022-04-21 18:19:55'),(128,38,6,9320,110,'2022-04-21 18:19:55'),(129,40,13,4203,168,'2022-04-21 18:19:55'),(130,97,6,3147,198,'2022-04-21 18:19:55'),(131,50,16,6605,116,'2022-04-21 18:19:55'),(132,38,6,3539,151,'2022-04-21 18:19:55'),(133,77,9,4909,123,'2022-04-21 18:19:55'),(134,67,13,7839,60,'2022-04-21 18:19:55'),(135,86,1,9796,44,'2022-04-21 18:19:55'),(136,66,5,9804,200,'2022-04-21 18:19:55'),(137,100,10,4007,51,'2022-04-21 18:19:55'),(138,64,18,5596,59,'2022-04-21 18:19:55'),(139,6,10,3072,64,'2022-04-21 18:19:55'),(140,38,8,6310,102,'2022-04-21 18:19:55'),(141,91,9,7203,194,'2022-04-21 18:19:55'),(142,74,2,3679,146,'2022-04-21 18:19:55'),(143,100,1,3351,32,'2022-04-21 18:19:55'),(144,40,7,4536,155,'2022-04-21 18:19:55'),(145,29,18,8722,69,'2022-04-21 18:19:55'),(146,18,11,4447,78,'2022-04-21 18:19:55'),(147,63,4,3225,121,'2022-04-21 18:19:55'),(148,79,10,4702,90,'2022-04-21 18:19:55'),(149,74,12,7480,115,'2022-04-21 18:19:55'),(150,56,14,9437,93,'2022-04-21 18:19:55'),(151,35,4,4078,118,'2022-04-21 18:19:55'),(152,45,14,8355,77,'2022-04-21 18:19:55'),(153,70,12,4860,64,'2022-04-21 18:19:56'),(154,20,4,3287,118,'2022-04-21 18:19:56'),(155,95,12,9166,68,'2022-04-21 18:19:56'),(156,82,12,7960,180,'2022-04-21 18:19:56'),(157,31,14,9344,69,'2022-04-21 18:19:56'),(158,52,14,8779,142,'2022-04-21 18:19:56'),(159,48,15,4579,44,'2022-04-21 18:19:56'),(160,61,4,9250,125,'2022-04-21 18:19:56'),(161,69,12,8303,120,'2022-04-21 18:19:56'),(162,66,1,5557,77,'2022-04-21 18:19:56'),(163,85,12,6392,79,'2022-04-21 18:19:56'),(164,84,9,6344,197,'2022-04-21 18:19:56'),(165,38,5,8699,46,'2022-04-21 18:19:56'),(166,61,2,4364,108,'2022-04-21 18:19:56'),(167,53,19,8655,155,'2022-04-21 18:19:56'),(168,44,6,9928,135,'2022-04-21 18:19:56'),(169,39,14,3703,85,'2022-04-21 18:19:56'),(170,39,13,9075,164,'2022-04-21 18:19:56'),(171,53,10,4040,123,'2022-04-21 18:19:56'),(172,24,14,6602,111,'2022-04-21 18:19:56'),(173,12,16,6815,129,'2022-04-21 18:19:56'),(174,58,9,3633,80,'2022-04-21 18:19:56'),(175,24,20,4249,171,'2022-04-21 18:19:56'),(176,75,5,7548,158,'2022-04-21 18:19:56'),(177,93,17,6013,195,'2022-04-21 18:19:56'),(178,37,17,3598,35,'2022-04-21 18:19:56'),(179,74,13,6209,154,'2022-04-21 18:19:56'),(180,10,13,8444,188,'2022-04-21 18:19:56'),(181,13,6,7826,64,'2022-04-21 18:19:56'),(182,48,15,5317,129,'2022-04-21 18:19:56'),(183,98,16,8052,160,'2022-04-21 18:19:56'),(184,14,15,7259,82,'2022-04-21 18:19:56'),(185,53,5,9394,128,'2022-04-21 18:19:56'),(186,57,1,9568,138,'2022-04-21 18:19:56'),(187,5,13,7858,38,'2022-04-21 18:19:56'),(188,17,2,4794,59,'2022-04-21 18:19:57'),(189,33,11,8432,182,'2022-04-21 18:19:57'),(190,53,2,9788,41,'2022-04-21 18:19:57'),(191,34,6,9784,115,'2022-04-21 18:19:57'),(192,49,9,8818,176,'2022-04-21 18:19:57'),(193,94,14,5466,130,'2022-04-21 18:19:57'),(194,28,4,7763,172,'2022-04-21 18:19:57'),(195,80,14,9160,142,'2022-04-21 18:19:57'),(196,92,7,6467,74,'2022-04-21 18:19:57'),(197,68,18,5680,70,'2022-04-21 18:19:57'),(198,90,20,7173,154,'2022-04-21 18:19:57'),(199,91,18,3760,50,'2022-04-21 18:19:57'),(200,25,16,6000,19,'2022-03-05 00:00:00'),(201,25,16,100,19,'2022-03-05 00:00:00'),(202,25,16,90,19,'2022-03-05 00:00:00'),(203,25,16,80,19,'2022-03-05 00:00:00'),(204,25,16,110,19,'2022-03-05 00:00:00'),(205,25,16,120,19,'2022-03-05 00:00:00'),(206,25,16,130,19,'2022-03-05 00:00:00'),(207,25,16,140,19,'2022-03-05 00:00:00'),(208,25,16,150,19,'2022-03-05 00:00:00'),(209,25,16,160,19,'2022-03-05 00:00:00'),(210,25,16,170,19,'2022-03-05 00:00:00'),(211,25,16,180,19,'2022-03-05 00:00:00'),(212,25,16,190,19,'2022-03-05 00:00:00'),(213,25,16,2000,19,'2022-03-05 00:00:00'),(214,25,16,2010,19,'2022-03-05 00:00:00'),(215,25,16,2020,19,'2022-03-05 00:00:00'),(216,25,16,2030,19,'2022-03-05 00:00:00'),(217,25,16,2040,19,'2022-03-05 00:00:00'),(218,25,16,2060,19,'2022-03-05 00:00:00'),(219,25,16,2090,19,'2022-03-05 00:00:00'),(220,25,16,320,19,'2022-03-05 00:00:00'),(221,25,16,3200,19,'2022-03-05 00:00:00'),(222,25,16,3202,19,'2022-03-05 00:00:00'),(223,25,16,3203,19,'2022-03-05 00:00:00'),(224,25,16,3204,19,'2022-03-05 00:00:00');
/*!40000 ALTER TABLE `game` ENABLE KEYS */;
UNLOCK TABLES;

--
-- Table structure for table `level`
--

DROP TABLE IF EXISTS `level`;
/*!40101 SET @saved_cs_client     = @@character_set_client */;
/*!50503 SET character_set_client = utf8mb4 */;
CREATE TABLE `level` (
  `level_number` smallint unsigned NOT NULL AUTO_INCREMENT,
  `difficulty` smallint NOT NULL,
  `total_number_of_notes` smallint NOT NULL,
  `max_possible_score` int NOT NULL,
  PRIMARY KEY (`level_number`)
) ENGINE=InnoDB AUTO_INCREMENT=50 DEFAULT CHARSET=utf8mb4 COLLATE=utf8mb4_0900_ai_ci;
/*!40101 SET character_set_client = @saved_cs_client */;

--
-- Dumping data for table `level`
--

LOCK TABLES `level` WRITE;
/*!40000 ALTER TABLE `level` DISABLE KEYS */;
INSERT INTO `level` VALUES (1,10,181,9084),(2,6,147,9342),(3,7,163,9865),(4,8,165,9337),(5,7,168,9915),(6,7,101,9101),(7,2,148,9079),(8,9,118,9680),(9,9,198,9350),(10,9,133,9506),(11,3,118,9355),(12,1,138,9581),(13,2,137,9080),(14,2,117,9305),(15,2,171,9016),(16,10,113,9555),(17,7,192,9858),(18,7,156,9570),(19,4,155,9651),(20,6,189,9006),(21,15,50,100),(22,15,50,100),(23,20,50,100),(24,1,1,0),(25,1,1,0),(26,1,1,20),(27,7,9,100),(28,10,10,100),(29,11,10,100),(30,12,10,100),(31,13,10,100),(32,14,10,100),(33,15,10,100),(34,16,10,100),(35,17,10,100),(36,18,10,100),(37,19,10,100),(38,20,10,100),(39,21,10,100),(40,22,10,100),(41,23,10,100),(42,24,10,100),(43,25,10,100),(44,26,10,100),(45,27,10,100),(46,28,10,100),(47,29,10,100),(48,31,8,200);
/*!40000 ALTER TABLE `level` ENABLE KEYS */;
UNLOCK TABLES;

--
-- Table structure for table `user`
--

DROP TABLE IF EXISTS `user`;
/*!40101 SET @saved_cs_client     = @@character_set_client */;
/*!50503 SET character_set_client = utf8mb4 */;
CREATE TABLE `user` (
  `id` int unsigned NOT NULL AUTO_INCREMENT,
  `class` varchar(20) NOT NULL,
  `username` varchar(20) NOT NULL,
  `pwd` varchar(20) NOT NULL,
  `levels_unlocked` int NOT NULL,
  PRIMARY KEY (`id`),
  UNIQUE KEY `username` (`username`),
  KEY `idx_class` (`class`)
) ENGINE=InnoDB AUTO_INCREMENT=121 DEFAULT CHARSET=utf8mb4 COLLATE=utf8mb4_0900_ai_ci;
/*!40101 SET character_set_client = @saved_cs_client */;

--
-- Dumping data for table `user`
--

LOCK TABLES `user` WRITE;
/*!40000 ALTER TABLE `user` DISABLE KEYS */;
INSERT INTO `user` VALUES (1,'miguel','jack','mkvsrqayhm',5),(2,'pablo','rob','txwlgfmmof',8),(3,'pablo','jean','wybowwkchf',1),(4,'luis','alanna','pgmzpgpqth',17),(5,'luis','opal','uzpzdkebpk',10),(6,'luis','maxine','bcqucoykbh',3),(7,'miguel','sandra','punrcaacfi',8),(8,'luis','ronald','blhjjggzjn',10),(9,'luis','ann','qaxcpmdnnm',18),(10,'miguel','marjorie','kpzecwdobh',1),(11,'luis','mayra','kwosaeudey',9),(12,'miguel','connie','wslqhacmdp',3),(13,'luis','giovanni','uxepxngyfw',15),(14,'pablo','augustine','pwqaodorku',18),(15,'pablo','katie','yizxryiyit',3),(16,'miguel','becky','zugcnudfsx',18),(17,'miguel','mildred','ztfjzzdjqr',4),(18,'luis','tony','jytuhyqeed',1),(19,'pablo','tracey','pldrvauyst',11),(20,'miguel','goldie','koynfqqhok',14),(21,'pablo','phillip','lwhvlarqir',1),(22,'luis','fransisca','xyyrgidjfe',11),(23,'pablo','carla','hsjjqztkzp',16),(24,'pablo','krista','lntxgrsfku',14),(25,'miguel','john','tjmejgpvaf',1),(26,'luis','maren','bkzctyikqm',5),(27,'pablo','roberts','kmqbrziabf',7),(28,'miguel','carol','fyvybzpvow',7),(29,'pablo','wanda','zaokfkaeig',15),(30,'pablo','timothy','rtpqpjbvtz',16),(31,'pablo','diana','vrffsglrrl',7),(32,'pablo','rosa','rtywnezmxp',1),(33,'luis','christina','gewlxnvjmc',10),(34,'luis','rodney','mihlraaorz',1),(35,'luis','vivian','szsajqyobr',16),(36,'miguel','dawn','zohcfdbrye',14),(37,'miguel','natalie','ddzqzapoba',11),(38,'pablo','nathan','drpuexfgrx',14),(39,'pablo','roberta','wvvxtlqkaj',12),(40,'pablo','lorraine','toicfarqva',14),(41,'miguel','theresa','imdcpcptgz',10),(42,'pablo','karen','lhhojjhsjs',4),(43,'luis','clint','voeovodsim',9),(44,'pablo','lamont','fjimpnnfaf',19),(45,'pablo','homer','swkfwcntmk',20),(46,'luis','ruth','ccgvbmfsef',2),(47,'luis','aida','ydmmrvyxme',19),(48,'luis','dianne','mtihnkyrme',14),(49,'miguel','katia','aqszyepwph',1),(50,'miguel','alfreda','fcymnbqprs',14),(51,'miguel','erika','hhrvhugekj',17),(52,'miguel','delia','uakjmvejtb',9),(53,'miguel','johnson','xthlwojnro',1),(54,'miguel','kim','mmvsgcnaoa',14),(55,'luis','randy','zkhetpgjqn',5),(56,'pablo','ruby','rzlwemgezv',8),(57,'luis','sandrana','ijxuquwbro',13),(58,'miguel','charles','vxveqqvlqx',9),(59,'luis','margaret','tdsyriurzd',14),(60,'luis','jerry','whmojbwcuy',5),(61,'pablo','beatrice','ddxmiwmsst',2),(62,'luis','doris','vobkivzucs',18),(63,'miguel','andrew','xuwmhjnvrs',11),(64,'luis','cassie','lkpjdlmbjn',11),(65,'luis','robertu','unqfedjozi',5),(66,'pablo','roberto','qfubibkkmq',1),(67,'miguel','jose','heefdysmfw',3),(68,'luis','sara','xxbjwakniw',20),(69,'pablo','theodore','ntunwrajmx',4),(70,'luis','curtis','equemrkzgx',15),(71,'luis','anthony','omegzimiwj',18),(72,'luis','james','qbpmuikakp',9),(73,'luis','matthew','xklrowrbee',7),(74,'pablo','zarah','ifnmpkncyf',1),(75,'miguel','minnie','nhmzlbvbup',15),(76,'pablo','theresana','cnlerglovz',2),(77,'pablo','johnnie','qkffswizzu',16),(78,'pablo','yoshiko','ojewwyokxu',10),(79,'miguel','larry','pyyceqviuc',9),(80,'luis','sarah','pknchgnkbi',11),(81,'miguel','lorraina','smojahokdl',19),(82,'miguel','helen','rombeuzzbo',7),(83,'luis','willian','mxqffwygza',7),(84,'luis','ryan','erzhotddbv',13),(85,'pablo','mary','bzejpmyhnw',3),(86,'miguel','brittney','vswkwjnrxo',1),(87,'miguel','cody','kojddmctnu',9),(88,'luis','selma','fnzqfhgqjy',6),(89,'pablo','william','gkvgqxwqcr',1),(90,'luis','theresy','dfubydbvgm',12),(91,'pablo','truth','rguhzeseju',15),(92,'pablo','tara','cocrvnhvar',9),(93,'pablo','oscar','wfexvpjiyt',13),(94,'miguel','stephen','ippqufstfm',6),(95,'miguel','jackie','snqypwtzsk',20),(96,'miguel','angel','wjhafxzyqg',20),(97,'luis','johnatan','ohbqneqltn',7),(98,'luis','johnny','pjxeetrnpq',19),(99,'miguel','jermaine','azvecvuywp',15),(100,'pablo','richard','vrvtgbrbxg',6),(101,'pablo','test','hola',0),(102,'pablo','test2','hola',0),(103,'pablo','test3','hola',0),(104,'pablo','test4','hola',0),(105,'pablo','test5','hola',0),(106,'pablo','test6','hola',0),(107,'pablo','test7','hola',0),(108,'pablo','test8','hola',0),(109,'pablo','test9','hola',0),(110,'pablo','test10','hola',0),(111,'pablo','test11','hola',0),(112,'pablo','test12','hola',0),(113,'pablo','test13','hola',0),(114,'pablo','test14','hola',0),(115,'pablo','test15','hola',0),(116,'pablo','test16','hola',0),(117,'pablo','test17','hola',0),(118,'pablo','test18','hola',0),(119,'pablo','test19','hola',0),(120,'pablo','test20','hola',0);
/*!40000 ALTER TABLE `user` ENABLE KEYS */;
UNLOCK TABLES;
/*!40103 SET TIME_ZONE=@OLD_TIME_ZONE */;

/*!40101 SET SQL_MODE=@OLD_SQL_MODE */;
/*!40014 SET FOREIGN_KEY_CHECKS=@OLD_FOREIGN_KEY_CHECKS */;
/*!40014 SET UNIQUE_CHECKS=@OLD_UNIQUE_CHECKS */;
/*!40101 SET CHARACTER_SET_CLIENT=@OLD_CHARACTER_SET_CLIENT */;
/*!40101 SET CHARACTER_SET_RESULTS=@OLD_CHARACTER_SET_RESULTS */;
/*!40101 SET COLLATION_CONNECTION=@OLD_COLLATION_CONNECTION */;
/*!40111 SET SQL_NOTES=@OLD_SQL_NOTES */;

-- Dump completed on 2022-04-21 13:47:26
